dataset,model,ablation,nrmse_h1,nrmse_h5,nrmse_h10
mackey_glass,kernel_only_ridge,full,0.00640442692312027,0.00766346894675517,0.032717147239713064
mackey_glass,kernel_only_ridge,linear_embedding,0.10938802286202964,0.5124244986717555,0.6333418925477349
mackey_glass,kernel_only_ridge,history_shuffled,0.429136292327384,0.9515244272336136,0.7880606436347495
mackey_glass,kernel_only_ridge,delay_truncated_d=1,0.4204290404543585,0.9120308788769033,0.7651452609263031
mackey_glass,kernel_only_ridge,delay_truncated_d=2,0.13572948237632726,0.2931305872109408,0.48639074903012686
mackey_glass,kernel_only_ridge,delay_truncated_d=4,0.03657175270420153,0.025217575413456535,0.09191161773134947
mackey_glass,kernel_only_ridge,bandwidth_x0.25,0.010023126944942683,0.018191379533119195,0.0983058633332091
mackey_glass,kernel_only_ridge,bandwidth_x0.5,0.005670473561424741,0.010025102950052399,0.06214879593880979
mackey_glass,kernel_only_ridge,bandwidth_x2,0.016678454571127335,0.017040014512443566,0.0304051333263151
mackey_glass,kernel_only_ridge,bandwidth_x4,0.04802728012890106,0.053399736672085626,0.06789828125162023
mackey_glass,kernel_only_ridge,coords_permuted_at_test,48.19748426710234,99.79017868255868,250.79996648033088
mackey_glass,hybrid_QRC,KERNEL_MEMORY_QRC,0.011836480649665504,0.013247533664192368,0.023877379705214433
mackey_glass,hybrid_QRC,ABLATION_DELAY_TRUNCATED,0.030030531529459645,0.02528757231662061,0.058673459739739996
mackey_glass,hybrid_QRC,ABLATION_HISTORY_SHUFFLED,0.06435752464701873,0.06635018712975815,0.11549979294768059
lorenz,kernel_only_ridge,full,0.02709200669257111,0.5088439116729966,0.7464923060022403
lorenz,kernel_only_ridge,linear_embedding,0.32302738122243924,0.9753968379548208,0.9835200554794556
lorenz,kernel_only_ridge,history_shuffled,0.46300965802097094,0.9241356906489165,0.9921820461691626
lorenz,kernel_only_ridge,delay_truncated_d=1,0.4441564029056538,0.9120772718936219,0.9789958035738336
lorenz,kernel_only_ridge,delay_truncated_d=2,0.10769903490420583,0.8141945250963207,0.9277117612074088
lorenz,kernel_only_ridge,delay_truncated_d=4,0.027496489919772892,0.5934977648991631,0.768551070385219
lorenz,kernel_only_ridge,family=poly2,0.322797246631742,0.9837745553291954,1.0061540110760834
lorenz,kernel_only_ridge,coords_permuted_at_test,38.47239489992998,2488.7221356915798,113.23032280443304
lorenz,hybrid_QRC,KERNEL_MEMORY_QRC,0.3833326711671431,0.5351519811664357,0.8036225999402936
lorenz,hybrid_QRC,ABLATION_DELAY_TRUNCATED,0.2835609933962359,0.7451321509844216,0.9051437175267399
lorenz,hybrid_QRC,ABLATION_HISTORY_SHUFFLED,0.4595063850000789,0.8538513420412969,0.9522786251266568
