kappa,reps,seed,n_input,mc_total,mc_total_unclipped,ipc2,ipc3,ipc2_unthresholded,ipc3_unthresholded,ipc_null_threshold
0.020000000000000004,1,0,1,7.505838540154385,7.3122647774838905,21.57274662484539,27.09523977390211,21.59244546098731,27.105154938318098,0.009020599808597348
0.020000000000000004,1,1,1,6.7980473461216535,6.724158729172892,21.913234365258717,29.08349737993789,21.92110097613088,29.095151914066136,0.006985554652756684
0.020000000000000004,1,2,1,8.736576980594505,8.65121936237724,23.498928253723665,21.205558803319253,23.505434757012484,21.218016739740253,0.011328640242461071
0.020000000000000004,2,0,1,6.770003271218139,6.5692452320473285,20.27538360102787,27.43334090169042,20.28553384508127,27.436496652740203,0.0071610594075049005
0.020000000000000004,2,1,1,6.721963490393627,6.680261354238247,20.4774012327059,29.416571830346044,20.48333698595333,29.4176774020413,0.005502315878382726
0.020000000000000004,2,2,1,8.732235902116352,8.616306242746349,25.570554345644837,25.5847341887713,25.570554345644837,25.589900283512648,0.00744933186345087
0.020000000000000004,3,0,1,6.449999697400654,6.2639923792187,19.817031011628526,28.040734112516926,19.830473881704055,28.051384918772005,0.007060509388330431
0.020000000000000004,3,1,1,6.5998628773382535,6.556820836753797,20.785167279374672,28.982683578089702,20.79284266079546,28.987703660619264,0.0046094445934139056
0.020000000000000004,3,2,1,7.456615466008481,7.284149698345768,24.06832483689096,26.32355854693758,24.077347732575276,26.326577673011005,0.009802997705075478
0.020000000000000004,4,0,1,6.61398996673935,6.43942139838935,20.305162903554844,28.601383818220764,20.31919626379056,28.60909063402596,0.008517297041731138
0.020000000000000004,4,1,1,6.863040569603896,6.809258698684108,21.230596489983956,29.328946800772915,21.232222163424943,29.33749448743437,0.004707882417583733
0.020000000000000004,4,2,1,8.01816797033572,7.84032973900845,23.475227984148027,27.820250952581652,23.48731963562374,27.82295146337769,0.010602331979458934
0.020000000000000004,6,0,1,6.60554371583697,6.391440974207289,20.607971950124753,28.495843671632755,20.611304127243923,28.496849434852532,0.003017279566115829
0.020000000000000004,6,1,1,6.826457627881297,6.782358385002876,20.745460259706515,29.43435539151568,20.75814862048688,29.43756147685768,0.006763593942083077
0.020000000000000004,6,2,1,7.449958329170407,7.279132707306962,22.23321824363194,27.5711933223509,22.260475746018315,27.581986666202283,0.00897793121545647
0.020000000000000004,8,0,1,6.561652172444324,6.376245370905439,20.1432709047415,28.100945193078235,20.16098495967312,28.106302446545147,0.006884994685103167
0.020000000000000004,8,1,1,6.893944301928843,6.828110185824684,20.579196853001047,29.119356112801423,20.594649287499,29.143734320745647,0.009834614470650501
0.020000000000000004,8,2,1,7.400346797849101,7.267037287509486,21.900304583461892,28.333792193665857,21.920794534746946,28.33957103411976,0.010766966114025826
0.020000000000000004,12,0,1,6.700343654291045,6.505068202042805,20.623758355381668,28.665217892021623,20.63592424669837,28.665611306256654,0.005962179595976464
0.020000000000000004,12,1,1,6.67499415888026,6.618459618436093,20.735205078948617,29.39180469875547,20.737136119658796,29.393439048814376,0.0026287176419577214
0.020000000000000004,12,2,1,7.0862096918985875,6.8326792703317025,21.61746723465959,27.986449247247965,21.627140411458715,27.991883703050476,0.009361640789795036
0.020000000000000004,16,0,1,6.388263091954739,6.162325860619321,19.598690368972512,28.566967735838496,19.59916574813648,28.5669677358385,0.006949567908889761
0.020000000000000004,16,1,1,6.651652623166653,6.600269937608704,20.987116061381183,28.98705633953541,21.010368259706937,28.997134872323844,0.007361888948946096
0.020000000000000004,16,2,1,7.149774905292139,7.000761343404748,21.867875813396235,27.737049411348348,21.91300536413826,27.758419030554396,0.014053151987703613
0.043380999999999996,1,0,1,7.456225769541591,7.258311536065778,22.12685802021377,27.005878845158858,22.148192129508455,27.011456299435658,0.010204821569049637
0.043380999999999996,1,1,1,6.780593326870565,6.706783261011181,21.514494361817306,29.363401565818506,21.522749359150346,29.37190286238885,0.007492929963620086
0.043380999999999996,1,2,1,8.609345222392562,8.572919892864078,24.059826803041123,21.78494074056429,24.06366933216183,21.807223311969523,0.011603589082707278
0.043380999999999996,2,0,1,6.799784034283819,6.60042357959748,20.206354379349722,27.519655506484703,20.216121998215634,27.519655506484703,0.005745891940235265
0.043380999999999996,2,1,1,6.69553250087326,6.646491859818796,20.709116352965292,29.27619313391507,20.71917842852021,29.278662835269678,0.005725845143276363
0.043380999999999996,2,2,1,8.708923380498906,8.566891822581908,25.412772591789736,26.119638991858157,25.416704843192893,26.119638991858157,0.007859121833888249
0.043380999999999996,3,0,1,6.633008491173142,6.452744317374295,20.148595990261335,28.155203849944662,20.160070368014544,28.155203849944662,0.00634484876753787
0.043380999999999996,3,1,1,6.739013731957919,6.68214317471945,21.12019663752345,28.672056095710083,21.128874795567057,28.672056095710087,0.004357658159196338
0.043380999999999996,3,2,1,7.581314970266055,7.395703958018701,22.634490223471857,27.432351167480988,22.63598290726331,27.439517536208275,0.011042417842349049
0.043380999999999996,4,0,1,6.530955731110087,6.327613348395634,20.057561090490236,29.223617654621812,20.059441223786834,29.22361765462181,0.00608334152143809
0.043380999999999996,4,1,1,6.919768542078757,6.854073586979836,21.709658932301448,29.307355138207583,21.729609758916176,29.32420370227546,0.0074932133248283616
0.043380999999999996,4,2,1,7.8685033535378865,7.732118359198298,23.919366072582903,28.45433361836351,23.927800489371222,28.457807349154848,0.011165210310210194
0.043380999999999996,6,0,1,6.495953442125705,6.284335050511999,20.666959178636123,28.11043639266921,20.678734608881907,28.11649888734258,0.00633073217486244
0.043380999999999996,6,1,1,6.7186608454354,6.671765580718952,21.039698870125587,29.21421592409222,21.047803250196207,29.219723434094583,0.005848446141648222
0.043380999999999996,6,2,1,7.212070257172131,6.994374148493506,21.75238532211547,28.792730886745815,21.8016282055935,28.796792280865144,0.011499747096321913
0.043380999999999996,8,0,1,6.614244678643007,6.422390380117292,20.017809885694703,28.154574124433623,20.03098835887264,28.160397977613865,0.007404456132386979
0.043380999999999996,8,1,1,6.847291025295508,6.811131955133859,21.07482163019252,29.086832939890762,21.09477669390491,29.095423426058172,0.007729512569543971
0.043380999999999996,8,2,1,7.198695044292337,7.001390282011118,21.97425046069108,28.200976825471503,21.994564509611067,28.214344746175374,0.010572600278738518
0.043380999999999996,12,0,1,6.66312268878323,6.434407107970244,20.357455492958614,28.97495855961285,20.358812504184755,28.974958559612855,0.0031995420159247915
0.043380999999999996,12,1,1,6.950695561192185,6.9134752858792305,20.55082695167678,29.523655739353913,20.55680275835963,29.524798268120225,0.0041561813486395
0.043380999999999996,12,2,1,6.771364293398349,6.541010665673575,21.11973516410118,28.1363071317053,21.1495999060372,28.1363071317053,0.010165455571215145
0.043380999999999996,16,0,1,6.5361274503132565,6.342658829856188,20.230833506954987,28.430781451758442,20.245026746318075,28.43611547770677,0.007305990565555411
0.043380999999999996,16,1,1,6.601320569246744,6.553696782207227,20.86241778360193,29.16415769074214,20.87561367486672,29.16947082485741,0.005022957052222005
0.043380999999999996,16,2,1,7.144335255797154,6.973475858175985,21.245568047314887,27.251427348985402,21.282584525212975,27.268677376985323,0.013069247215418234
0.09409600000000001,1,0,1,7.515813969975309,7.33785512475967,22.31418944343302,27.26100017864734,22.315706832772754,27.261000178647336,0.0051167326941887826
0.09409600000000001,1,1,1,6.56232023638389,6.495835240415977,21.012889580189555,28.7889964909453,21.020222306688424,28.795418925300694,0.005796379703958686
0.09409600000000001,1,2,1,8.171952159249525,8.101717712128675,25.415801321278288,23.10248424520769,25.42078016625293,23.1081123679744,0.010207030095600284
0.09409600000000001,2,0,1,6.7207580228748,6.528849204759059,20.175931958636646,27.959042836793426,20.18459525932956,27.95904283679343,0.005529922314459424
0.09409600000000001,2,1,1,6.6478690759282,6.599440638497369,20.302490509932113,29.642402679132687,20.32917748555178,29.649811574400086,0.00811153270545652
0.09409600000000001,2,2,1,7.6940315373831005,7.544950069032246,24.027159541356287,26.537019951412123,24.040052652908273,26.544760999400648,0.008544206293701432
0.09409600000000001,3,0,1,6.665720073945479,6.474567719869198,20.239731262906144,27.907394432310237,20.27403097062275,27.918082675965188,0.0073124199124806576
0.09409600000000001,3,1,1,6.7684010469999265,6.717016618857677,20.71605803416559,29.196585699388446,20.729986400440048,29.203486490436802,0.005069004920073086
0.09409600000000001,3,2,1,7.205686970468574,7.035018956253656,22.07887055175073,28.210414656479827,22.09487203049102,28.22243876502272,0.010439791355175407
0.09409600000000001,4,0,1,6.71852042180485,6.52654063254131,20.05126562977445,28.57498626486417,20.060736615499383,28.575738927151395,0.004289127969465206
0.09409600000000001,4,1,1,6.8853886296236695,6.838278020783767,20.92434129980327,29.86126350991992,20.939036144762007,29.869141175359356,0.006767129181014341
0.09409600000000001,4,2,1,7.261220045997114,7.051138178884161,22.0729836552244,28.388823661703334,22.085086901137075,28.400596250242618,0.011805285683873267
0.09409600000000001,6,0,1,6.630450465374919,6.457138879252529,20.043627631443975,28.456377235324,20.04593986462389,28.456377235324005,0.005888793095873253
0.09409600000000001,6,1,1,6.830895326238392,6.7817046204212925,20.572494184421355,29.941054556937758,20.58575306701759,29.941054556937758,0.006945568565860084
0.09409600000000001,6,2,1,6.863069337326088,6.660165648240808,21.1227362711217,27.922124016828395,21.1385676839509,27.932921585869998,0.008497230692135847
0.09409600000000001,8,0,1,6.663692661795482,6.477785279546813,20.152781304088084,28.496497742050753,20.170532631858766,28.500500703565066,0.006375533376043097
0.09409600000000001,8,1,1,6.893614144326117,6.854458804320567,20.61354973919276,29.3164337741013,20.618022382698662,29.320310115280183,0.0038655057663122263
0.09409600000000001,8,2,1,6.775827983993469,6.5294645609472655,20.648641649138323,27.765948511536973,20.669092165978576,27.773924954812024,0.012381871238087767
0.09409600000000001,12,0,1,6.602765384768621,6.402336257698133,20.310574137076404,27.543083327948377,20.316169238045426,27.543173804159157,0.004417576861320146
0.09409600000000001,12,1,1,6.91163193431313,6.878763241484188,20.941117680395067,29.13240596091022,20.955026364733747,29.138354526637066,0.005765657322780711
0.09409600000000001,12,2,1,6.7035502837349386,6.530387701314739,20.332859998860577,27.531108000062616,20.36265545886009,27.569793149197668,0.011001813285821522
0.09409600000000001,16,0,1,6.687883369585734,6.5001776143277255,20.072666331635745,28.214965839369192,20.083722751862467,28.219658487703022,0.005162944941702947
0.09409600000000001,16,1,1,6.785628199612812,6.716443703086295,20.814630198404316,29.097150025577747,20.817980340546764,29.09715002557775,0.002760805306268532
0.09409600000000001,16,2,1,6.7894999479095235,6.526467196318815,20.861642435048,28.123710658932183,20.882753974512838,28.139947488632433,0.011359950147492817
0.20409899999999997,1,0,1,6.974884647804878,6.777090637605752,20.486326640859094,27.83319219491581,20.496363153653594,27.838711395395123,0.005881127535959355
0.20409899999999997,1,1,1,6.944637750759041,6.888953249791821,21.02427496282205,29.443091687664758,21.052644568398705,29.444001329150307,0.007935733349610192
0.20409899999999997,1,2,1,7.627703105457103,7.490355271228638,23.287292096993657,27.32891286099916,23.289893944990588,27.332818889582327,0.006217061924994868
0.20409899999999997,2,0,1,6.604622990933191,6.4156567276157235,20.488572377085454,28.057493315224693,20.49513575828751,28.066127988077177,0.007299540992026457
0.20409899999999997,2,1,1,6.776875893975383,6.726162847740069,20.591035402557203,29.975624468242856,20.636276469378906,29.986924020568118,0.00797313483817106
0.20409899999999997,2,2,1,6.916751496499234,6.6663530904305,20.997403711160008,27.95222490284841,21.013357130329695,27.97000993595757,0.011502762337334492
0.20409899999999997,3,0,1,6.68140328988486,6.487128679373675,20.285341141587633,28.93168457119533,20.28837194945336,28.93168457119533,0.0038435538343587613
0.20409899999999997,3,1,1,6.773254174365581,6.72526887903619,21.190473768783345,29.307099790436943,21.21979957173199,29.327652484721533,0.009519131840030374
0.20409899999999997,3,2,1,6.731081582871019,6.543829822465756,20.328265977753624,28.29353124525456,20.368760886862376,28.3221072151953,0.011830711159690534
0.20409899999999997,4,0,1,6.510193900825401,6.323553864535739,20.074279871368766,28.155937028220166,20.083922879557775,28.155937028220162,0.0073744542366625376
0.20409899999999997,4,1,1,6.70232977808937,6.650957240384525,20.77601015391196,29.569495905155954,20.783706483776356,29.575853817592538,0.005083240647649516
0.20409899999999997,4,2,1,6.597099557372163,6.385207298228627,20.13363623509707,28.94675652083624,20.167936782634495,28.98256534084747,0.011572988792585307
0.20409899999999997,6,0,1,6.793723899546403,6.626973701147154,20.897094114743815,28.59086152018765,20.910017732727813,28.595306420384965,0.0048418539053688234
0.20409899999999997,6,1,1,6.738464295077229,6.690385783366979,20.696693710453793,29.46940200820403,20.712446088408203,29.481409198088645,0.006202733775086439
0.20409899999999997,6,2,1,6.488770173077826,6.254314149853895,20.516390274005087,27.802226165921407,20.528422219607638,27.83679733276464,0.01101511678772284
0.20409899999999997,8,0,1,6.77776975482874,6.615109322983122,20.522196582864247,28.046142951983438,20.52244405944397,28.046142951983434,0.0040377277006051334
0.20409899999999997,8,1,1,6.902201416534204,6.8646326300589955,21.004680234209932,29.937633394571126,21.013839599097945,29.948176244243548,0.006143119780283379
0.20409899999999997,8,2,1,6.579890820740898,6.382874144897285,19.998186876560936,28.529118425532403,20.047548322224777,28.544879017370054,0.014367606400285868
0.20409899999999997,12,0,1,6.651129172690474,6.42145891579055,20.567185400750972,28.41390155577824,20.58371296344501,28.419216069273862,0.006151064623966846
0.20409899999999997,12,1,1,6.6887090600959835,6.63631657991879,20.918842297187144,29.115516309639663,20.933599483172287,29.127086952127886,0.007140329932433557
0.20409899999999997,12,2,1,6.44016413930699,6.248959978288746,20.00458569797064,28.46403180243833,20.0558131817096,28.474695814947736,0.010517867331573857
0.20409899999999997,16,0,1,6.712755765392296,6.5272537631639205,20.163886990442684,28.07791067798158,20.175805339171102,28.083134962574352,0.005911181374802409
0.20409899999999997,16,1,1,6.70953313948981,6.667334917464911,20.82313234085885,29.114708941736836,20.847850408258026,29.121634494005328,0.007563323495697158
0.20409899999999997,16,2,1,6.666460083531488,6.428611995889419,20.346724496829435,28.44995092759375,20.35666405085182,28.4576643962818,0.006215385627629269
0.44270000000000004,1,0,1,6.53669632695998,6.339852558563903,20.210536932023928,27.969181898626182,20.22765776437951,27.969181898626182,0.005212458203498802
0.44270000000000004,1,1,1,7.1358654020397605,7.0896891941347775,21.283224901819143,29.21293178031716,21.30752892893903,29.253216513941897,0.009934505608449109
0.44270000000000004,1,2,1,6.82761417766219,6.672457182405951,20.922334319509822,28.2051093239119,20.941325865731585,28.216633540137313,0.01068995027356668
0.44270000000000004,2,0,1,6.702682709611869,6.534980623130014,20.418958398117564,27.989523728846866,20.432145981083423,27.989523728846866,0.0061060097266591945
0.44270000000000004,2,1,1,6.903060732948409,6.8536093557506925,20.779777130200753,29.795120426197332,20.794389889441465,29.79512042619733,0.005319756293563979
0.44270000000000004,2,2,1,6.624257303515941,6.394416683306085,20.162833827584276,28.062497248073512,20.198366629736796,28.071328310909514,0.012171972585102405
0.44270000000000004,3,0,1,6.675574807588799,6.5145266796318015,20.47660012151087,28.331914628303544,20.500612393349908,28.331914628303544,0.006980882136331242
0.44270000000000004,3,1,1,6.83067497278838,6.783858595226009,20.646218936908344,29.232661410454316,20.657348559489343,29.23703732196286,0.006428921753159999
0.44270000000000004,3,2,1,6.586397041611965,6.3794520449535765,20.045532466455363,27.66364057821464,20.07428263134977,27.67661049170735,0.013083788337221482
0.44270000000000004,4,0,1,6.522224041400101,6.32977472702656,19.908388947764898,28.561412017174245,19.908388947764898,28.56371904091326,0.004372046378423489
0.44270000000000004,4,1,1,6.6246872914305825,6.577745787905472,20.682200310240795,29.4339148874152,20.691532169416373,29.441254685542443,0.005009861961283835
0.44270000000000004,4,2,1,6.431584939755803,6.143457293074181,20.14552842339111,29.079273335541647,20.16898793739218,29.087615381181195,0.009979979058566398
0.44270000000000004,6,0,1,6.712608453620097,6.517368956127094,20.4621386699776,27.918291548465948,20.47899224295721,27.91829154846595,0.00545583591300714
0.44270000000000004,6,1,1,6.672279768128805,6.644852176910424,20.676139217755573,29.057748610521553,20.695178371937864,29.074907726416853,0.006693750705021349
0.44270000000000004,6,2,1,6.5321654052607325,6.375370253154873,19.793494941602248,28.529606681867108,19.81430692466086,28.55001880415102,0.01171169357989957
0.44270000000000004,8,0,1,6.727919364558467,6.515510300584385,20.454902753712606,27.990235435923413,20.45747626495212,27.99023543592341,0.005754728832460415
0.44270000000000004,8,1,1,6.756930875927728,6.721199434213342,20.93585147520249,30.045377575606153,20.955038404755854,30.050878187626644,0.006304286666285561
0.44270000000000004,8,2,1,6.548321513490952,6.360339351638142,20.558554154768363,28.48443111770054,20.568600004757005,28.497371654622942,0.00965834267158079
0.44270000000000004,12,0,1,6.667641529271382,6.486006012225106,20.25597584474872,28.344198824416942,20.26127485064376,28.344198824416942,0.006465163213697083
0.44270000000000004,12,1,1,6.7714437100465235,6.7234151067672645,20.92805488604491,29.39181398376679,20.95216689455893,29.396631237910434,0.005913769879140075
0.44270000000000004,12,2,1,6.405857367705204,6.125833283320425,19.839287143819018,27.73816070445183,19.85607428528205,27.756288393258313,0.009529045257649837
0.44270000000000004,16,0,1,6.520545816979194,6.296425863404647,19.918412826000036,28.0906688653781,19.934262341764132,28.093637947147553,0.005699276476231868
0.44270000000000004,16,1,1,6.74962919405826,6.705014738966273,20.4604990910858,28.659141683540106,20.464966571970017,28.659141683540106,0.003656038763519029
0.44270000000000004,16,2,1,6.594224012319455,6.396239510477569,20.11267629355924,27.683788801637338,20.129904457027482,27.71390896079335,0.01243109271968591
0.96024,1,0,1,5.923491402527098,5.673415621566108,18.393152084198892,26.848233323880876,18.394576820296386,26.848927215139973,0.0036945790068818657
0.96024,1,1,1,6.466449331364243,6.422562738755624,19.74820569772147,27.681956036377898,19.76719101815347,27.689324870607727,0.00812667668682781
0.96024,1,2,1,6.518166486846102,6.248838041130361,21.20932921513319,26.509879051474428,21.212110022014173,26.514825750260215,0.005600375000482682
0.96024,2,0,1,6.784799134110503,6.59522838050969,20.526898715628224,28.526072018224244,20.545024722975498,28.526072018224244,0.007131709433930734
0.96024,2,1,1,6.786873531953541,6.719597281317847,20.6992397195247,28.822195960108484,20.721019822326486,28.83819161965131,0.007713033195545608
0.96024,2,2,1,6.717045401158273,6.469511242040364,20.588424097378383,27.83079700906907,20.5994116734266,27.838716208886805,0.014293026576359481
0.96024,3,0,1,6.707612842006309,6.518104565536584,20.011692064442812,28.298331477608855,20.0171872885037,28.30081723619071,0.005954222856924719
0.96024,3,1,1,6.8254799379301,6.75620581556212,20.519654513197622,29.097229015923737,20.53984379405735,29.098854544172347,0.005419904208148117
0.96024,3,2,1,6.853772506343432,6.638621944304256,19.782927141509813,27.82316439906746,19.814266291455493,27.834465158988976,0.008155986400618256
0.96024,4,0,1,6.519080777500642,6.349357399300251,20.336238317638564,28.56436188093015,20.34781508491818,28.568719903643306,0.005270022471937022
0.96024,4,1,1,6.6234804764182,6.556739336028015,20.8038421296431,29.31302461712544,20.814129490775578,29.31329372759683,0.006598744885603488
0.96024,4,2,1,6.530783300782233,6.284204913244845,20.330243082349046,27.41216527969442,20.398215103888568,27.42292494255671,0.014182412730977055
0.96024,6,0,1,6.614633026528071,6.4283403237639565,20.375416285283656,28.856570873885822,20.37626240123184,28.866065662592863,0.006399030116899082
0.96024,6,1,1,6.556945313101486,6.522587151986109,20.75746415206679,29.89552318142035,20.78800993755576,29.904415262513808,0.009026891448190641
0.96024,6,2,1,6.489226918431381,6.274721193458219,19.3973435864745,28.066245838812602,19.4310432882905,28.11888663392687,0.01290652043317851
0.96024,8,0,1,6.66952641516566,6.519689744569701,20.30221491915229,28.316911589334236,20.32027735297519,28.32387909763433,0.007330210485206853
0.96024,8,1,1,6.872261421733048,6.830653707313568,21.10369897092668,29.70496708124104,21.131174076283436,29.72149464092671,0.007991471453466625
0.96024,8,2,1,6.56132259022624,6.281114212830261,19.805267998710214,28.264369749798135,19.84470087534178,28.293161807597986,0.013527513534438663
0.96024,12,0,1,6.650757223127953,6.4669523316711315,20.435261201852327,28.438369569590805,20.439905592045818,28.44092292545968,0.004933437865569421
0.96024,12,1,1,6.859693851769193,6.81524809574064,20.355365330648535,30.025720450795855,20.375446511351072,30.034352641553056,0.006702555213031483
0.96024,12,2,1,6.533002410666614,6.358289736918675,19.55043570521743,28.21298519928704,19.591353012610952,28.248999918360695,0.011314428348461246
0.96024,16,0,1,6.6297046274701845,6.433925392394015,20.092614675420027,28.224561199079943,20.11835640751775,28.224561199079943,0.0065655165081100406
0.96024,16,1,1,6.768455058474924,6.736150425649911,20.873854304892525,29.22025429904651,20.897262279782087,29.240070939894235,0.006668871548633477
0.96024,16,2,1,6.623768580168861,6.399332245737298,20.425193257517204,27.862458956751922,20.469070191398597,27.880790964503248,0.012167499303480413
2.082812,1,0,1,7.332673527042522,7.147164457615066,22.754653240091436,29.735127785895216,22.759971491430456,29.735127785895216,0.00544336358881065
2.082812,1,1,1,7.143906978942723,7.081523636592027,21.467151510234938,29.206170993535174,21.470908596783648,29.20617099353517,0.0035867267834489357
2.082812,1,2,1,7.2685670328957475,7.03394577275271,22.50224420006917,28.16162184363335,22.507575722898636,28.16312683740258,0.010373606157243411
2.082812,2,0,1,6.790206920413835,6.614098328517152,21.173993351065885,29.211768843002773,21.181371146873552,29.211768843002766,0.006481945108169719
2.082812,2,1,1,6.682606598003332,6.643562275603588,20.86914436675477,28.944875185884957,20.884579580203138,28.96407900755508,0.00618971624254452
2.082812,2,2,1,6.580769306574785,6.328492567632614,20.07202311445932,28.236154827754483,20.12000606779839,28.244693997199494,0.015126332726479388
2.082812,3,0,1,6.82359453205952,6.640778382873181,20.52935557325575,28.62887452516152,20.533530264769105,28.628874525161518,0.005716330495347592
2.082812,3,1,1,6.619312933290385,6.580889912505688,20.50883163374082,29.407514711810872,20.53094217257607,29.42021593648493,0.006435922540586979
2.082812,3,2,1,6.495322709305635,6.255800366869842,20.60915217793536,28.54951568583913,20.639087868447554,28.568332076611416,0.011316038347384568
2.082812,4,0,1,6.532273168433703,6.3411019476307935,20.36623744318115,28.17345493312105,20.376441554542446,28.17345493312105,0.006769468667676371
2.082812,4,1,1,6.695343786482563,6.643022273711464,20.59533794098214,30.06111094407666,20.601399755205424,30.070078745429292,0.005384147466182876
2.082812,4,2,1,6.706885575749414,6.507276082589156,20.2608756869467,28.43167987773972,20.300394328944588,28.443396913623097,0.010481451935148833
2.082812,6,0,1,6.801420459408805,6.606396813081076,20.690868779282184,27.794057233139913,20.702230067164738,27.79741576991062,0.005470232485215004
2.082812,6,1,1,6.990864262819649,6.964335302076174,21.21451150517988,29.425965643966663,21.226406522030207,29.436823529376056,0.007831498920141662
2.082812,6,2,1,6.5132481145894,6.288398443678542,19.753261238732296,27.724998457924634,19.776146928497646,27.748070115879223,0.012244173261901385
2.082812,8,0,1,6.5060518007550865,6.3254691721510135,19.61468681654196,28.265010016619787,19.62935117064512,28.266971588078704,0.004542220032033266
2.082812,8,1,1,6.888302924902485,6.809636327458506,20.942558589376105,28.736741521942626,20.952099056764776,28.747641349864907,0.006256928311423997
2.082812,8,2,1,6.403800353035546,6.198537869508759,20.48732087309438,28.010034929368732,20.507443407508386,28.03055840949366,0.009880109435362468
2.082812,12,0,1,6.657671737940471,6.481133728487832,19.98809539173393,27.700606768628468,19.997249265766218,27.704702059758556,0.004692569665073085
2.082812,12,1,1,6.7049565341472315,6.638076348793818,21.091774381427967,29.40537183325751,21.09802543311725,29.413387357982025,0.005451175493296573
2.082812,12,2,1,6.3645408929353895,6.1813754397937295,19.949765978657563,27.561717384211093,19.995411699140323,27.58350343502522,0.012749479884697747
2.082812,16,0,1,6.455226218645727,6.260044971514333,19.80764161205672,28.30498734500667,19.820217906644842,28.309182019501318,0.0072413423605464915
2.082812,16,1,1,6.824024346266236,6.775274988032102,21.13135837479358,30.02691843690972,21.13806771130161,30.035754876549333,0.005615590903493039
2.082812,16,2,1,6.298383701846504,6.103171088312339,20.095977532811183,28.11553755099338,20.117345117749664,28.12931319837658,0.00834266867838741
4.517727,1,0,1,10.315401193671201,10.201100302072444,33.128045072834716,29.303396739796632,33.13469139491778,29.30339673979664,0.007008957295119174
4.517727,1,1,1,10.49199898119939,10.467970756522334,31.17935643997484,26.70984233518959,31.18437529921961,26.71914292916237,0.007840003137041078
4.517727,1,2,1,11.936593437817264,11.924086735220282,30.26081547232739,16.868292390568612,30.26081547232739,16.875052691115553,0.00766087766170747
4.517727,2,0,1,8.83915495920262,8.706720487500943,27.755255634466916,30.274298382711667,27.75583288727892,30.27429838271167,0.006917137836181866
4.517727,2,1,1,7.966467334227548,7.923367113732484,23.86990369861227,29.65354619916599,23.880946408007716,29.670408506174308,0.008221892625551052
4.517727,2,2,1,8.402069418220684,8.310360341739537,25.69356294693172,26.407416835820637,25.701099320116512,26.407416835820637,0.01256206625836442
4.517727,3,0,1,8.242580466882561,8.111219903694867,24.245165024034556,30.25445106986242,24.253943683216956,30.25445106986242,0.005877540644559474
4.517727,3,1,1,7.296268593964498,7.2483147753051345,21.555475519198865,29.52522069428619,21.576359954928968,29.530024162961592,0.007204470276910433
4.517727,3,2,1,7.739906137243724,7.528145550913493,23.07385767930065,27.33301520686355,23.091726138141617,27.350159121744753,0.010149268899794313
4.517727,4,0,1,7.395519926241333,7.218428473464178,23.070603694255908,29.988113499964125,23.077077342615766,29.988113499964122,0.004308448412675081
4.517727,4,1,1,6.923113688180991,6.870179442896231,21.382538870345673,29.74639382735989,21.392623293786613,29.751170036511326,0.00584058828807695
4.517727,4,2,1,7.468803204084933,7.225786922946379,22.533502981886823,27.350453376498884,22.540250675141426,27.35874806790408,0.007921684537136157
4.517727,6,0,1,6.5734770343033535,6.397882692839675,20.186364134525824,28.39671712317607,20.196871363408572,28.39671712317607,0.005168113168212713
4.517727,6,1,1,7.091703239597841,7.038147780203209,20.538522914604986,29.442344437293038,20.5451359880461,29.442344437293038,0.005885893490492154
4.517727,6,2,1,7.129458234305584,6.921236448465468,22.150179135427475,28.27718875418873,22.169200949567042,28.28846844834974,0.010670515288768225
4.517727,8,0,1,6.76660568117585,6.572605972881579,20.26861524917418,27.82560239262851,20.268615249174175,27.834081184011726,0.005249588840510488
4.517727,8,1,1,6.718790454717985,6.669476716238315,20.359732629266514,29.298048608115614,20.370600582966148,29.306727618161013,0.005715267404714271
4.517727,8,2,1,6.8460102124117155,6.635468963416277,20.737692991401204,27.78659637431258,20.782357710518912,27.799380232283127,0.01353581991173468
4.517727,12,0,1,6.607533692403269,6.404551195736884,20.211860098532632,27.722060444251376,20.218191044821193,27.729925886471584,0.004888559664423468
4.517727,12,1,1,6.610251438611644,6.560739496186887,21.145280733028883,28.736110560451113,21.16380345349267,28.739636197386538,0.005076196986811624
4.517727,12,2,1,6.886651988721747,6.700073321560929,20.630321025037578,27.774132997764283,20.65108592643069,27.783215395064683,0.012431203960094063
4.517727,16,0,1,6.585891593406775,6.378272137707992,20.19603213956996,27.55724931228552,20.20039276208405,27.560399580029518,0.005356948128732812
4.517727,16,1,1,6.885757821190511,6.845298518891075,21.21379373101124,29.75420379456278,21.220257057982785,29.767728950228634,0.006565755487261694
4.517727,16,2,1,6.635375753782515,6.407725921027598,20.551385931057073,27.641999665485404,20.568431689956803,27.664378590885956,0.011432656329366346
9.799186,1,0,1,18.582925699922857,18.582925699922857,29.205559802788905,8.130543929601755,29.205559802788905,8.13810094832466,0.004480237116013763
9.799186,1,1,1,17.75951054683627,17.75951054683627,20.821643646494326,5.7890213379572995,20.821643646494326,5.806194180407289,0.0041491502057260385
9.799186,1,2,1,16.626363307561462,16.626363307561462,9.529531647502461,3.211887893634427,9.531331107406695,3.230611313512946,0.010278759850583753
9.799186,2,0,1,17.24946455378666,17.24946455378666,37.54185534908837,15.051483531681274,37.54185534908837,15.075339234243168,0.011596998222626127
9.799186,2,1,1,13.726511552327931,13.726511552327931,31.340835520487133,16.169229029284942,31.340835520487133,16.169229029284942,0.0017260508192688464
9.799186,2,2,1,15.421315718301567,15.421315718301567,22.723603716158436,8.525069812150509,22.723603716158436,8.583099646601019,0.011454920455086899
9.799186,3,0,1,14.900463088089953,14.900463088089953,37.40922699216409,21.573910606630303,37.40922699216409,21.574967531352467,0.0057352132680292805
9.799186,3,1,1,11.681161608166507,11.681161608166507,30.830151108064175,22.481566777492862,30.830151108064175,22.49123678129169,0.00735291136864744
9.799186,3,2,1,14.792735135721992,14.792735135721992,28.457451093211834,11.504930905163341,28.457451093211834,11.550435228203057,0.0089988062699814
9.799186,4,0,1,12.60725863174944,12.50959432101129,33.92385442308567,24.366458531470244,33.92385442308567,24.366458531470244,0.005839000473708743
9.799186,4,1,1,10.70055744874274,10.70055744874274,29.328575650550896,24.112536067359613,29.328575650550896,24.112536067359617,0.0035102887321975225
9.799186,4,2,1,13.505616201365498,13.505616201365498,28.44576009883232,15.103559422877154,28.44576009883232,15.117439778994253,0.009157737723958803
9.799186,6,0,1,9.894447632319517,9.81828614142471,27.639963393365026,26.33218242812543,27.63996339336503,26.341158778779242,0.005792004057902165
9.799186,6,1,1,9.01177596220425,9.01177596220425,25.595607344148963,27.37118778528038,25.601148824304296,27.38038691126054,0.007122632433539776
9.799186,6,2,1,13.541303471611922,13.541303471611922,28.74797813175872,15.182030563262035,28.74797813175872,15.200286951528085,0.010897203357957042
9.799186,8,0,1,7.64949605773941,7.546662118812702,23.103529777193547,28.13374883836711,23.116946809019296,28.13374883836711,0.006080494824708256
9.799186,8,1,1,8.68868661964898,8.68868661964898,24.765566216833527,26.90222613362134,24.76556621683353,26.91727752019645,0.007213073342396001
9.799186,8,2,1,13.693708677591642,13.693708677591642,28.87310358690759,12.557286535429673,28.87310358690759,12.557286535429673,0.007361899781622922
9.799186,12,0,1,7.3891345483816435,7.290424495000244,21.444751783140685,28.046519656371203,21.4528266304807,28.050223533098904,0.006040229368977127
9.799186,12,1,1,8.633636696848919,8.633636696848919,24.323208685048744,26.917692368689625,24.32420881763226,26.917692368689625,0.0048944137515136744
9.799186,12,2,1,11.124108017776084,11.117047753471983,27.425495522907212,19.65178586992525,27.425495522907212,19.666379967757827,0.0104287082128994
9.799186,16,0,1,6.756022139639114,6.567980406760464,20.289463621503305,28.246966012434722,20.302381929345398,28.255288692371735,0.006592008397576986
9.799186,16,1,1,8.81399230662245,8.809902756277703,25.192073770218375,27.663245368964994,25.199683054119845,27.673040371835555,0.007969367801324482
9.799186,16,2,1,10.804445710677145,10.803117755477968,27.97245392243748,20.151373016779058,27.97245392243748,20.15205672014383,0.014346574867611941
21.254946000000004,1,0,1,15.793599055124577,15.793599055124577,2.5885644599763546,0.12426517027822714,2.620576139850103,0.1433964642877107,0.008486633937259559
21.254946000000004,1,1,1,9.677855864600593,9.677855864600593,0.6752200895704764,0.0,0.7024652653376624,0.009408848923802116,0.008766854020082848
21.254946000000004,1,2,1,7.369999307474113,7.369999307474113,0.2332190227800336,0.01985042362778322,0.24668161646257813,0.055049726824123124,0.006677738869300235
21.254946000000004,2,0,1,18.69286347282533,18.69286347282533,9.829777583553678,1.4873443081580948,9.835983182526483,1.490797310522431,0.0045708839767081375
21.254946000000004,2,1,1,14.786038002432502,14.786038002432502,9.801207119661141,1.1455801885671701,9.801207119661141,1.1556938990965686,0.006609439658805252
21.254946000000004,2,2,1,12.048206515726926,12.048206515726926,2.5894526443721553,0.2252103620150061,2.7015897187062223,0.3364611996001391,0.011906218415565488
21.254946000000004,3,0,1,19.324987737721607,19.324987737721607,16.25687386892784,4.751504466773636,16.25798209324829,4.754250541869341,0.011778481189739367
21.254946000000004,3,1,1,16.22596822292906,16.22596822292906,14.916012412769765,3.3222622789666914,14.916012412769765,3.3549689345076716,0.00839128986297836
21.254946000000004,3,2,1,15.993873947856,15.993873947856,4.29092301155706,1.0147303060662152,4.319547770605127,1.0589218851909097,0.010270078614757655
21.254946000000004,4,0,1,18.910528097423796,18.910528097423796,21.910280725865537,8.962176738915065,21.910280725865537,8.96671845117901,0.007408083019299114
21.254946000000004,4,1,1,14.733721229751973,14.733721229751973,16.825611452547744,4.907764988230362,16.825611452547744,4.907806486394454,0.0015409360508817354
21.254946000000004,4,2,1,15.890280689623516,15.890280689623516,8.253442557759428,2.474211552028391,8.279376886522485,2.59179481215685,0.01670131210931737
21.254946000000004,6,0,1,17.420802617974005,17.420802617974005,25.74181806845679,10.92221496969713,25.74181806845679,10.923278312097919,0.001559254588226659
21.254946000000004,6,1,1,14.748705363022324,14.748705363022324,24.800673270910117,8.237785778962195,24.800673270910117,8.252936319514369,0.003185021306860906
21.254946000000004,6,2,1,14.789551355318807,14.789551355318807,11.521023618129774,2.8380363732500666,11.521023618129774,2.8480965146005786,0.005173378301012303
21.254946000000004,8,0,1,16.350262286778094,16.350262286778094,26.271075755843118,12.57484334207922,26.271075755843118,12.586968485999058,0.005545215386279529
21.254946000000004,8,1,1,13.836550587562124,13.836550587562124,26.278681350568764,10.927955677750113,26.278681350568764,10.928867201684909,0.0012244463911388163
21.254946000000004,8,2,1,15.155806017958227,15.155806017958227,7.052943789196763,1.1546139692049433,7.065683375899198,1.1983862825272733,0.010971612161973938
21.254946000000004,12,0,1,13.101893554868127,13.101893554868127,26.800647374210584,16.768954113769265,26.800647374210584,16.773682195296587,0.00875325362154421
21.254946000000004,12,1,1,13.571164717881901,13.571164717881901,20.35851453127947,9.116763079830363,20.35851453127947,9.116763079830363,0.0036027791445235116
21.254946000000004,12,2,1,13.403704152463185,13.403704152463185,4.925851489056558,0.7545535490921298,4.961969477274183,0.8269253095565334,0.009985661268278217
21.254946000000004,16,0,1,11.726130240258291,11.726130240258291,24.16637054467489,18.252295703087736,24.171700875934075,18.253107147769384,0.0055163302646592405
21.254946000000004,16,1,1,12.393469880600918,12.393469880600918,22.157635232856222,10.017041150272489,22.157635232856222,10.018218610140394,0.0035787955735648177
21.254946000000004,16,2,1,13.514553740893481,13.514553740893481,10.938427409057823,2.7687380476191867,10.938427409057823,2.79695579746866,0.008764380261139232
46.10308599999999,1,0,1,1.173462923561479,1.1424648619642843,0.36563171833279884,0.003989415972006749,0.3719922815472759,0.01325150366808936,0.00298024279890629
46.10308599999999,1,1,1,0.8714872956778142,0.8714872956778142,0.06826217561835157,0.010588683190185688,0.08880263038814384,0.028328380266385622,0.004389413537701293
46.10308599999999,1,2,1,0.7218250057724162,0.6411623628522286,0.0,0.0,0.05070312842996705,0.01332118948147143,0.011876008581416924
46.10308599999999,2,0,1,6.71339109658934,6.71339109658934,1.1320990233326556,0.02084776850389125,1.1383113136180196,0.0302747068128304,0.0023628614258137896
46.10308599999999,2,1,1,2.7573282760875566,2.7573282760875566,0.8907584002536202,0.0,0.948346423305683,0.024524060902119005,0.004538030440302036
46.10308599999999,2,2,1,2.353496428714678,2.353496428714678,0.17307467864686776,0.055575266346644336,0.1803689425935524,0.07631539171504087,0.006044388837753586
46.10308599999999,3,0,1,7.815335367675323,7.815335367675323,2.459368858772074,0.0,2.461414786381038,0.008112611467729236,0.004122751292249585
46.10308599999999,3,1,1,5.876367677993971,5.876367677993971,1.6409783844487964,0.03826243005156049,1.6642485099420785,0.053051516841653434,0.004749365165718981
46.10308599999999,3,2,1,4.393641074267235,3.731916161543183,0.2855304464406706,0.039843397322530505,0.29011954256353767,0.060023357065448146,0.006346009871389889
46.10308599999999,4,0,1,12.154363575484728,12.154363575484728,2.9946385830421995,0.2277177728937131,3.01702568675765,0.2491842402334039,0.0059388652994897114
46.10308599999999,4,1,1,6.4051696083729315,6.4051696083729315,2.1664815445264365,0.04597729182280008,2.230148849719153,0.07628372323696853,0.005196686471766268
46.10308599999999,4,2,1,6.437905346863353,6.437905346863353,0.18854397281103885,0.007317420584093015,0.20273381700320003,0.01623233339132646,0.005138464024429439
46.10308599999999,6,0,1,12.663983684370757,12.663983684370757,1.5753552140336342,0.6437659073824182,1.6162689075907004,0.6819242191187064,0.010513947466646521
46.10308599999999,6,1,1,10.803469222507012,10.803469222507012,3.05797042146078,0.14080494795484366,3.1023554625998058,0.19624863741052345,0.009559546660487032
46.10308599999999,6,2,1,6.808284324895441,6.706939101086424,0.5639418638599296,0.04549818944443773,0.5711900153310885,0.06137933350230251,0.0034257252517802244
46.10308599999999,8,0,1,14.086558501066902,14.086558501066902,4.260408694771219,2.7220061460838783,4.304028773114186,2.7379683883650174,0.007467254068009965
46.10308599999999,8,1,1,12.858840618405914,12.858840618405914,5.280363885364039,0.3474574812560439,5.299059761847284,0.3618500457227636,0.004736967412372546
46.10308599999999,8,2,1,3.288077892550039,-0.8317464438051877,0.5791419109026087,0.0,0.6289759302599467,0.020827011332530287,0.006256983096010397
46.10308599999999,12,0,1,13.928770668832504,13.928770668832504,8.434882171702432,3.305403122405317,8.434882171702432,3.3220177983709647,0.006270435294657485
46.10308599999999,12,1,1,7.587611327611952,7.587611327611952,5.034282512154899,0.6003146032166876,5.108799440876104,0.6483109944920913,0.010653383438797674
46.10308599999999,12,2,1,1.9785810544711295,1.876613961110905,0.0,0.02256347785560675,0.003551694178988485,0.05028356543374868,0.0055975370418527605
46.10308599999999,16,0,1,14.97656207261864,14.97656207261864,11.945527904082722,5.037604322612005,11.954027531248812,5.073691828605314,0.012072889952248365
46.10308599999999,16,1,1,10.135575883866222,10.135575883866222,5.518563973334837,1.031307779858726,5.604905710843545,1.0635565894354162,0.013102405916500708
46.10308599999999,16,2,1,3.827435873934372,-2.1433193106160524,0.43051107861285154,0.1889859104661219,0.44440180617511416,0.22162728528211395,0.0051954870341337795
100.00000000000001,1,0,1,0.08211807503607715,0.05897844922367701,0.021277308639376824,0.0,0.08311204281701068,0.01713282025464813,0.008662979493320797
100.00000000000001,1,1,1,0.0,-0.36167077739239306,0.0678108734178704,0.015252546125401611,0.0678108734178704,0.015252546125401611,0.0002532216308810119
100.00000000000001,1,2,1,0.0,-1.1760734361037188,0.014919044054214958,0.0,0.014919044054214958,0.0,0.0
100.00000000000001,2,0,1,1.241663509194432,1.241663509194432,0.514515525068919,0.0,0.5160745620658014,0.015779359376866586,0.006385629570421632
100.00000000000001,2,1,1,0.0,-1.4020057760218079,0.023968077554477718,0.010721524877292277,0.03422759746417392,0.016358510782696234,0.004314175717457224
100.00000000000001,2,2,1,0.0,-0.8803240609944365,0.0,0.0,0.0,0.00029183872773619335,0.0007653678935830629
100.00000000000001,3,0,1,1.1714458631022329,1.1714458631022329,0.13584622786106815,0.05088883778733122,0.13584622786106815,0.05123511261025515,0.0013104133480589392
100.00000000000001,3,1,1,0.25625175842053294,0.24600391909016694,0.054363511083783456,0.0,0.08662492243155118,0.012513321103774455,0.00658149561587083
100.00000000000001,3,2,1,0.022347763871546245,-0.11837437478902568,0.06657584174385889,0.004981811141976045,0.06657584174385889,0.004981811141976045,0.0
100.00000000000001,4,0,1,2.9953270895216364,2.9953270895216364,0.4566661050263644,0.022833462126209958,0.45832557479591873,0.02524307732520714,0.0015224981755041023
100.00000000000001,4,1,1,0.47038475127822377,0.4685723905096537,0.08274262826662737,0.003284803454783436,0.08389393086035302,0.019070737452059006,0.0014505265597624345
100.00000000000001,4,2,1,0.5125385255401896,0.4676505233650302,0.10452098073514504,0.0,0.10589943814803426,0.031227939639852376,0.011856382462130048
100.00000000000001,6,0,1,3.8454367378513545,3.8454367378513545,1.7528140888497292,0.02484511643965981,1.759107826704161,0.03756660542671875,0.005569477612580563
100.00000000000001,6,1,1,1.3934446620787053,1.0911602733164965,0.30802551953378665,0.0,0.3109253967419092,0.05324816369552443,0.009142628914846426
100.00000000000001,6,2,1,0.4998779304385933,0.38915163813701603,0.11026371476335217,0.04857975649130952,0.1123668328965074,0.05167251625870306,0.003669501965012502
100.00000000000001,8,0,1,5.320022314749247,5.320022314749247,0.36674423295301006,0.0,0.39598538883655887,0.03886536439303123,0.006723559642647484
100.00000000000001,8,1,1,0.9877206289103461,0.8940413580565464,0.8380684166968067,0.04393040600143905,0.8405556250045922,0.07570703175074733,0.003617114293285651
100.00000000000001,8,2,1,0.8665675389211793,0.8665675389211793,0.33042513863697165,0.0,0.33945150276939395,0.015483172685817781,0.005417448967941073
100.00000000000001,12,0,1,5.3706956926572555,5.3706956926572555,1.9331557168602842,0.05471366564897462,1.9407122294828847,0.06415361438248002,0.004173775790818542
100.00000000000001,12,1,1,1.581998898383055,1.5137372187502995,1.3371121942652147,0.0,1.3397945492382137,0.009333446348366414,0.010854515030689193
100.00000000000001,12,2,1,0.0,-0.9234357796555948,0.0,0.0,0.0,0.0,0.007818005317029496
100.00000000000001,16,0,1,10.185374206312337,10.185374206312337,1.9970849378885431,0.05342021887750936,2.0065355777699194,0.07862784181799876,0.006145788402904778
100.00000000000001,16,1,1,2.1005477819079283,2.1005477819079283,1.671796301213201,0.025006607859896834,1.6743871926931693,0.044004002383207674,0.0035242265257989713
100.00000000000001,16,2,1,0.6036003956820571,0.5223997647956237,0.167159282914357,0.03757082782824761,0.16745394685716708,0.03757082782824761,0.00798428946122777
3.7784980000000004,1,0,1,9.279714419213118,9.128304340556621,29.67865709146483,30.686271710386873,29.68603037942551,30.688516385209585,0.006781275561789605
3.7784980000000004,1,1,1,9.031769616883391,9.009552171483351,27.624385693833194,29.3334538282339,27.63315956875939,29.345449450800423,0.008581112534388927
3.7784980000000004,1,2,1,10.264320924993397,10.182091088161922,28.62049255349053,21.603225042964603,28.625641388285192,21.612645246843687,0.012561426938789056
3.7784980000000004,2,0,1,8.215026948045532,8.041286628144002,24.94068808307589,30.43462931701228,24.941848388018705,30.43462931701228,0.005376546527888594
3.7784980000000004,2,1,1,7.530724522034949,7.497336462704664,22.281045139423355,29.26531425070939,22.283685967480203,29.272598129209783,0.0055137083106076845
3.7784980000000004,2,2,1,7.550395094137837,7.386280335951254,23.30541133092299,27.859174631504697,23.3126272001329,27.87141168729841,0.011896206440169307
3.7784980000000004,3,0,1,7.564956684192304,7.401178869825205,22.723968328773985,29.53217488395792,22.73411838927964,29.53217488395792,0.005434403768791059
3.7784980000000004,3,1,1,6.689775974520133,6.631296183432566,20.881247447893355,29.786378239173047,20.895935206348973,29.79135165745401,0.008885158477700477
3.7784980000000004,3,2,1,6.98326584664614,6.716855240098523,21.326260176040815,28.271252498703454,21.33624941265124,28.28227849612916,0.01102577261151831
3.7784980000000004,4,0,1,6.91229106819924,6.729240763592724,21.586209556952728,29.4789638449133,21.59120453323876,29.4789638449133,0.006894503820132644
3.7784980000000004,4,1,1,6.825821544270133,6.780988813325093,21.192363312277948,29.255430572140398,21.21557067444692,29.26574522462939,0.006827110495420716
3.7784980000000004,4,2,1,6.910492362278044,6.581960651523931,21.320101525443473,27.542499990088956,21.338809755263444,27.55321132775256,0.009862083610600855
3.7784980000000004,6,0,1,6.445149016766917,6.270186657941476,20.371439713048705,28.38951934132773,20.37876345051865,28.39171114352641,0.007688147225136953
3.7784980000000004,6,1,1,6.934938815656342,6.892251082092042,20.688659538050047,30.24110093459677,20.70518241477278,30.247132296089035,0.007278324517437778
3.7784980000000004,6,2,1,6.679580437733112,6.4751281066173,20.123088996944514,28.109710197116335,20.150269069008548,28.156460616082292,0.018605043629782245
3.7784980000000004,8,0,1,6.730871886242072,6.517807855397498,20.305370291652725,27.91819041462685,20.32230738155605,27.92854921730262,0.007459640942129858
3.7784980000000004,8,1,1,6.740396896830125,6.703235988425879,20.701461298314346,29.51347535313024,20.738387236800566,29.52975831644916,0.007462664136048591
3.7784980000000004,8,2,1,6.584910304426174,6.344151991197892,20.417542545451024,28.140447862847093,20.44141591896556,28.142300037530937,0.011236522098265518
3.7784980000000004,12,0,1,6.703302439525759,6.505243723676054,20.462126977843216,28.07616585208993,20.47623051846078,28.087200631107414,0.007736581704723136
3.7784980000000004,12,1,1,6.922892250440109,6.872697069597596,21.086008314242715,29.28495108135918,21.09349688290119,29.289450735047133,0.006217650932288662
3.7784980000000004,12,2,1,6.333164147884757,6.093590082211974,20.37291337112064,27.862173697406835,20.412630735061448,27.883424129032264,0.010089865710082632
3.7784980000000004,16,0,1,6.380610833307134,6.202889538079141,20.048278066434072,28.242287489763385,20.055763178444497,28.247261950002027,0.005902240602551598
3.7784980000000004,16,1,1,6.570237720250898,6.5437369032740484,20.7184463056126,28.994688347622393,20.73622010014541,29.015614892510744,0.0093148794650193
3.7784980000000004,16,2,1,6.5533972982510456,6.350914744330966,20.415157591740577,28.00976907576287,20.43059695833327,28.024823098417578,0.011320659147849016
6.764571000000001,1,0,1,14.886731561112876,14.886731561112876,38.34542495950402,18.02768247401326,38.34542495950402,18.029700402685577,0.004028721603623241
6.764571000000001,1,1,1,15.386513621123829,15.386513621123829,33.077939645709854,14.363556728534872,33.077939645709854,14.382227482221555,0.007248009443095029
6.764571000000001,1,2,1,16.12085611790938,16.12085611790938,22.57641809726034,8.118746255920428,22.57641809726034,8.139407397261026,0.007803405783086365
6.764571000000001,2,0,1,11.214196445305475,11.148207134682107,35.27561051336729,27.040172339800524,35.27561051336729,27.040172339800527,0.00323572907808383
6.764571000000001,2,1,1,10.056126615261427,10.052574342928928,29.381439920534774,27.497753892926198,29.38801719894136,27.497753892926198,0.006569729833975094
6.764571000000001,2,2,1,12.327227183999144,12.295555837113543,31.03351637431783,18.11955043046891,31.03351637431783,18.119550430468912,0.01173656331523945
6.764571000000001,3,0,1,10.512888066973934,10.443919496438841,31.659732924100698,28.44829368609796,31.6597329241007,28.448293686097955,0.005575205736117703
6.764571000000001,3,1,1,8.856342351924274,8.855755751952977,25.962550700728283,28.870567488165204,25.962550700728283,28.872327961713655,0.004920011244095981
6.764571000000001,3,2,1,10.597080564222935,10.58736544974656,28.6963244706483,21.880438889496297,28.71707196395795,21.899622231626335,0.014100250717030964
6.764571000000001,4,0,1,9.112242033986659,9.03705177654424,27.639512258891198,29.449027527539567,27.647785851026672,29.449027527539567,0.007706601921860465
6.764571000000001,4,1,1,8.176876018853822,8.164385390842883,24.24481141600286,28.25694692248863,24.249642379422863,28.26636364211199,0.006742234774743344
6.764571000000001,4,2,1,10.188565727600654,10.178143089917475,26.224952094384356,23.444234013736455,26.224952094384356,23.481033124064837,0.010487655248341261
6.764571000000001,6,0,1,7.453759653193375,7.244147543902123,23.18829361472546,28.84030573402838,23.18829361472546,28.84030573402838,0.006419102775313151
6.764571000000001,6,1,1,7.370202472255823,7.362167512038079,22.25903152982309,29.951677585789913,22.265114670768977,29.95337468145253,0.005252174300589151
6.764571000000001,6,2,1,9.991816103422982,9.957315297377736,27.747170362633565,22.254907556070634,27.759601772381224,22.256091696861827,0.013642278102626519
6.764571000000001,8,0,1,6.882358733936842,6.681178881906732,21.042203424760384,28.564816300618542,21.058814013330753,28.56481630061854,0.00851052310722393
6.764571000000001,8,1,1,7.212750183686551,7.177415088016313,21.57611977345374,29.19465013336183,21.5785899704995,29.19465013336183,0.0036718571111028124
6.764571000000001,8,2,1,8.933402122964528,8.873589048486954,27.15847474159029,25.43539023864628,27.170560439160152,25.44563125438501,0.008722033656897237
6.764571000000001,12,0,1,6.649606009636401,6.445387346480203,20.222068549230034,28.564324388540765,20.23195775819155,28.565163747897824,0.005988134117550673
6.764571000000001,12,1,1,7.344513250877969,7.322762836665245,22.22702264201549,28.94034983103449,22.233213744371092,28.950491058797393,0.007909832420787967
6.764571000000001,12,2,1,8.264383543627755,8.203562136085358,24.175134869338887,26.352459323157436,24.175134869338887,26.360596034887966,0.006849813188740706
6.764571000000001,16,0,1,6.68112936322193,6.515803388157039,20.433304160651986,28.065553621963197,20.449546330695515,28.065553621963197,0.007289937946653119
6.764571000000001,16,1,1,7.2834101355984116,7.260837307851983,22.44820673334884,29.44262564756311,22.4624573235693,29.466389521291266,0.009258462868501715
6.764571000000001,16,2,1,8.166272361829947,8.054817065053982,23.69258371442915,26.89636645281086,23.692583714429148,26.89636645281086,0.00761709220865242
12.110478,1,0,1,19.24797891808684,19.24797891808684,19.45010161956787,4.764597042548955,19.45010161956787,4.7680181822109144,0.002684514931976128
12.110478,1,1,1,17.547506691822004,17.547506691822004,12.104872072907298,2.6109932922253547,12.104872072907298,2.611922209826411,0.001087858497720913
12.110478,1,2,1,14.995043555721317,14.995043555721317,5.155378535085636,1.314914213198022,5.170330113767401,1.3392933350657081,0.00675139729324569
12.110478,2,0,1,19.058386563727424,19.058386563727424,33.033877199827934,9.6712771987637,33.033877199827934,9.70097890980789,0.01331611832000198
12.110478,2,1,1,15.70497441219504,15.70497441219504,27.349100166781355,10.74865342367845,27.349100166781355,10.749420559343093,0.001634990412009016
12.110478,2,2,1,15.099196725657368,15.099196725657368,16.798742076817334,4.371451006244781,16.798742076817334,4.400544828729911,0.008437164229628261
12.110478,3,0,1,17.638938976061816,17.638938976061816,35.64807157371841,16.19752494292593,35.64807157371841,16.209450272391578,0.006150205235310867
12.110478,3,1,1,14.007762206805834,14.007762206805834,30.290988929284076,15.664312959054234,30.290988929284076,15.667335083738347,0.0045193506018834815
12.110478,3,2,1,15.518879670432591,15.518879670432591,24.40799066238177,7.2943273538643085,24.40799066238177,7.318790828850839,0.007783775035784254
12.110478,4,0,1,15.405932949046612,15.405932949046612,35.17594260847122,18.890507878399227,35.17594260847122,18.903776185615744,0.00835159921894911
12.110478,4,1,1,12.165080621644629,12.165080621644629,29.584935946123778,18.4344372237221,29.584935946123778,18.435683261127362,0.0027330084774649255
12.110478,4,2,1,15.660161347159484,15.660161347159484,25.946839118519172,10.759851879880022,25.946839118519172,10.76623488797799,0.008221735066518647
12.110478,6,0,1,12.289610250876812,12.28443866994054,29.87135251611158,22.121776439294813,29.87135251611158,22.121776439294813,0.004762853516063039
12.110478,6,1,1,10.419444717471947,10.419444717471947,28.335887674893318,23.47725706074561,28.335887674893318,23.477257060745607,0.0018124412825673477
12.110478,6,2,1,16.25244813446341,16.25244813446341,26.094328461046437,9.89729647457662,26.094328461046437,9.918800272391625,0.011536776250155024
12.110478,8,0,1,9.279870443293373,9.227743989582125,25.53763584417316,25.485331387952137,25.542492672145094,25.48533138795214,0.007255087332670614
12.110478,8,1,1,10.340928315209545,10.340928315209545,26.931529602527288,25.334621771627138,26.932825589453437,25.337379086202553,0.0044422793299272074
12.110478,8,2,1,16.06932602069343,16.06932602069343,24.220732285529493,6.171081456166631,24.220732285529493,6.257089152670909,0.013706908571867191
12.110478,12,0,1,8.267805049389185,8.229309840257459,23.42428406721979,27.078889371160454,23.442409554208684,27.07888937116045,0.007450718781699356
12.110478,12,1,1,9.591151452580455,9.591151452580455,24.69604499392279,24.10316623980927,24.696044993922786,24.106429701280756,0.008550625344816709
12.110478,12,2,1,14.83948405578791,14.83948405578791,25.98566181001378,13.352648376381426,25.98566181001378,13.378750130560729,0.01146087329653361
12.110478,16,0,1,7.338977848379284,7.285886821315685,21.974707367653895,26.265331001613426,21.987372292350926,26.26533100161342,0.0050020239294276715
12.110478,16,1,1,10.082018552170783,10.082018552170783,26.28942878744866,24.327450397057074,26.28942878744866,24.33105868809912,0.0055042152667711345
12.110478,16,2,1,14.175586989412126,14.175586989412126,26.74621466364143,14.010952137076801,26.74621466364143,14.03862288293032,0.01139432289316953
21.681149999999995,1,0,1,15.463374816222569,15.463374816222569,2.404724939638947,0.10802003846123209,2.4309742296964445,0.131017181825567,0.008207778225503398
21.681149999999995,1,1,1,9.197069632741323,9.197069632741323,0.619403182352533,0.0,0.6622920543838662,0.008227238299584938,0.008925996442458992
21.681149999999995,1,2,1,7.088563813550091,7.088563813550091,0.17330105296730802,0.008291827837351384,0.1922572410370328,0.04862270305419125,0.007413336779208848
21.681149999999995,2,0,1,18.59078456367316,18.59078456367316,9.2068440682774,1.3204885036382243,9.217671198520355,1.3204885036382243,0.004683204500367224
21.681149999999995,2,1,1,14.596415143932896,14.596415143932896,9.119607583976372,1.014716352783422,9.119607583976372,1.0283332918348678,0.007597563791866832
21.681149999999995,2,2,1,11.84297283100582,11.84297283100582,2.2720287176494,0.2020303574735488,2.3987489113898177,0.2870847530260201,0.010772324841942411
21.681149999999995,3,0,1,19.316419596891627,19.316419596891627,15.448940473696489,4.422818761690123,15.448940473696487,4.422818761690123,0.012378063127945158
21.681149999999995,3,1,1,16.145101057055328,16.145101057055328,14.259113084964062,3.037888214914037,14.259113084964062,3.0591232583970145,0.006397107363099315
21.681149999999995,3,2,1,15.835781399626006,15.835781399626006,3.9636884875041423,0.8522181577988829,4.017560953061505,0.9029653389016338,0.010967872741292456
21.681149999999995,4,0,1,18.906985297559512,18.906985297559512,21.128604804945333,8.667375039667172,21.128604804945333,8.668292479381128,0.007087019684804661
21.681149999999995,4,1,1,14.748459428245829,14.748459428245829,16.130443083646885,4.532172462867732,16.130443083646885,4.532827540291072,0.0011080468739309514
21.681149999999995,4,2,1,15.697613450023534,15.697613450023534,7.765171191150117,2.431037794337536,7.834589211431122,2.5629371190113472,0.018921662632398396
21.681149999999995,6,0,1,17.509502162031147,17.509502162031147,25.28342315945807,10.634352698734586,25.28342315945807,10.635919087994392,0.0015005846268061867
21.681149999999995,6,1,1,14.823785872709955,14.823785872709955,24.233256977837033,7.711566434585841,24.233256977837033,7.721847841855366,0.0036987946387697463
21.681149999999995,6,2,1,14.679863874578329,14.679863874578329,10.472298445166603,2.683197913757595,10.472298445166603,2.7041174432917456,0.004870407408428604
21.681149999999995,8,0,1,16.4937298015859,16.4937298015859,25.90080681824359,12.268871876102803,25.90080681824359,12.277479041392953,0.004498874069538858
21.681149999999995,8,1,1,14.012399446759073,14.012399446759073,25.850345980040498,10.349590415744347,25.850345980040498,10.349590415744347,0.00022746512418790927
21.681149999999995,8,2,1,14.891624010774702,14.891624010774702,6.659467249729237,1.1740923491598405,6.664977793697149,1.2049478154747544,0.007502584399836744
21.681149999999995,12,0,1,13.29138565197981,13.29138565197981,26.737979591454106,16.283980932700437,26.737979591454106,16.29816245756202,0.009096531456711784
21.681149999999995,12,1,1,13.620362719745547,13.620362719745547,19.99511735906208,8.714324090622902,19.99511735906208,8.714324090622902,0.004613100954440964
21.681149999999995,12,2,1,12.891735007223387,12.891735007223387,4.045608157217867,0.5958995135115565,4.084736221128113,0.6692769466749422,0.009330776104716972
21.681149999999995,16,0,1,11.85293361957796,11.85293361957796,24.200420221194474,17.737491245719166,24.200420221194474,17.737491245719163,0.0056057189751446005
21.681149999999995,16,1,1,12.497397370127215,12.497397370127215,21.897855435313655,9.51325069789404,21.897855435313655,9.520679542508816,0.004512829958194938
21.681149999999995,16,2,1,13.013380116741716,13.013380116741716,10.374885603208469,2.847732480182427,10.374885603208469,2.8745725658571093,0.007057213491822448
