kappa,r_median,r_q25,r_q75,eta,S_op_mean,t_star_mean,in_band
0.02,0.5666790203306075,0.5170429805792662,0.5981343277972011,0.8460606417428986,3.4851687853499143,1.1333333333333333,False
0.024881,0.5754773392591434,0.5279930145464947,0.595667565291036,0.8872110501626365,3.4889382169021537,1.1333333333333333,False
0.030954,0.5718734629669106,0.5450128574937781,0.5924201327685231,0.8703554459814103,3.4947987922807027,1.1333333333333333,False
0.038509,0.5752754612992794,0.5486126677442341,0.5972165535922809,0.8862668515530133,3.50357169815119,1.1333333333333333,False
0.047908,0.5878722675714765,0.5599325874652508,0.6058996023159708,0.9451830748788121,3.5161586204302737,1.1333333333333333,False
0.059601,0.5968720544514109,0.565179377801512,0.6265707206289923,0.987275764267321,3.5332422834890207,1.1333333333333333,False
0.074148,0.6095666229465694,0.5935048141962633,0.6266589758344522,1.0466492289633818,3.554652526500957,1.1333333333333333,False
0.092246,0.6084267749202522,0.5959941792016505,0.6284483401432742,1.0413180728413576,3.578759129190499,1.1333333333333333,False
0.114761,0.6133459477463052,0.5973913191776681,0.6315973227677814,1.0643254191905362,3.602955958400495,1.1333333333333333,False
0.14277,0.6068532356063361,0.571817769516717,0.6304303438532513,1.0339585095022576,3.624570150350013,1.0666666666666667,False
0.177617,0.6005673077827696,0.582715348033795,0.6166101499274279,1.0045587458271983,3.641904228551782,1.0666666666666667,False
0.220968,0.5998613206496831,0.5677265397947723,0.6239280479520715,1.001256790180721,3.654996958769156,1.0666666666666667,False
0.2749,0.6097621125352619,0.5769838499956002,0.6278558783808847,1.0475635486739816,3.6629618493897165,1.0666666666666667,False
0.341995,0.5961234770472088,0.5703468880094842,0.6088442151213433,0.983774610675719,3.668713912247824,1.0666666666666667,False
0.425467,0.5974466005096835,0.5668126906773385,0.6210796599710513,0.9899629599857195,3.6709844626145194,1.0666666666666667,False
0.529311,0.5760632257002749,0.5606788013259583,0.6145845365923929,0.8899512857162665,3.6696296343642487,1.0666666666666667,False
0.658501,0.5771735303616847,0.5622834654918532,0.6332932668390017,0.8951442652682087,3.6705315779368832,1.0666666666666667,False
0.819222,0.6164101337061161,0.5958666917554516,0.635134967470147,1.0786568505405958,3.668014288721299,1.1333333333333333,False
1.019171,0.6136304703894322,0.6006225061433417,0.6356475717618819,1.065656153284678,3.665751249500163,1.1333333333333333,False
1.267921,0.6014411841529044,0.5825667248984439,0.6251912443892007,1.0086459322353625,3.6677392859112987,1.1333333333333333,False
1.577385,0.602430419491198,0.5967974297275807,0.6274677435763991,1.013272661332667,3.6685586529325582,1.1333333333333333,False
1.96238,0.5879887252473547,0.583633133215568,0.6134551006145444,0.9457277563077223,3.660499081637684,1.0666666666666667,False
2.441341,0.6053439163045784,0.5796151286724585,0.6398276402283691,1.0268993080562085,3.6271231378558295,1.1333333333333333,False
3.037203,0.5958973878898912,0.5685234263922443,0.614465536348584,0.9827171744497238,3.5296926848260077,1.1333333333333333,False
3.778498,0.5822371203412048,0.539186742958071,0.6132047092937881,0.9188270616546333,3.3238902711880507,1.3333333333333333,True
4.700722,0.5473908829992885,0.5308363220024734,0.5818518177315974,0.7558485529010764,3.0040455677893516,1.4666666666666666,True
5.848035,0.5292565601548519,0.4899490663534784,0.5645901928046761,0.6710329423821557,2.606486142373866,1.8666666666666667,True
7.275375,0.5107784250816279,0.4435206559607364,0.5702831875826795,0.5846092958566729,2.183823415390263,2.8666666666666667,True
9.051088,0.4878156197415755,0.46370575525607727,0.5298372084716279,0.47721050457833325,1.7769500259233917,4.8,True
11.260201,0.4811413255486768,0.4423010053358911,0.5090936336561178,0.4459943217845401,1.4084278447653598,6.933333333333334,True
14.008497,0.4624259070868606,0.4288488580660341,0.494114475648774,0.3584608827599337,1.0891578889479068,10.266666666666667,True
17.427573,0.44312492789517216,0.393524704939093,0.46592203944621957,0.26818873155808953,0.8234806752090841,12.066666666666666,True
21.68115,0.403081210502838,0.346276344488707,0.41984602560012974,0.08090121234863104,0.6104590001376007,15.133333333333333,True
26.972903,0.3912635772909261,0.34357139911514345,0.4275665690033109,0.02562924083057222,0.44506978506180933,17.333333333333332,False
33.556223,0.4215442223705206,0.37152907997288387,0.46567277499724147,0.16725412648879096,0.3200363024326033,19.266666666666666,False
41.746345,0.4030211046229449,0.364334775421882,0.45793668299637225,0.08062009256584979,0.22752251066080398,19.533333333333335,False
51.935444,0.4331159818859674,0.3750536019069831,0.4820837562397531,0.22137612798287226,0.16023967525879476,19.8,False
64.611412,0.4489255168565431,0.3699715249357507,0.4895998070324402,0.2953185283720312,0.1119781606426824,20.0,False
80.381224,0.4489973249877685,0.3690153772863918,0.47878694502655905,0.29565438047648274,0.07774446638319452,20.0,False
100.0,0.4305273998784384,0.36789831492247166,0.4819650049685032,0.20926913257806617,0.05368094108363175,20.0,False
