dataset,h,comparison,A,B,E_A_median,E_B_median,delta_(EA-EB)/EA,ci95_lo,ci95_hi,p_delta_le_0
mackey_glass,1,eoc,BEST_EOC_QRC,KERNEL_MEMORY_QRC,0.0021605364532900897,0.011836480649665504,-4.478491525399063,-4.184402137869348,-2.2157975967043235,1.0
mackey_glass,1,kernel_eoc,KERNEL_EOC_QRC,KERNEL_MEMORY_QRC,0.009223548397462577,0.011836480649665504,-0.2832892656498395,-0.1933359842955563,0.25301502851836943,0.1325
mackey_glass,1,kernel_only,kernel_only_ridge,KERNEL_MEMORY_QRC,0.00640442692312027,0.011836480649665504,-0.8481717086872012,-0.6758561063224177,-0.09821013804426033,1.0
mackey_glass,1,raw_crossover,RAW_MEMORY_QRC,BEST_EOC_QRC,0.013035177869223244,0.0021605364532900897,0.8342533968492112,0.7531037077172901,0.8351027628774289,0.0
mackey_glass,1,mc_eoc,MC_BEST_EOC_QRC,MC_KERNEL_MEMORY_QRC,0.006495544322916628,0.014693108153192054,-1.2620287727625816,-1.4101438135319455,-1.1032909571756415,1.0
mackey_glass,1,unconstrained,UNCONSTRAINED_QRC,KERNEL_MEMORY_QRC,0.0022193665011356707,0.011836480649665504,-4.333269941493965,-4.060634386410436,-2.2379065800537647,1.0
mackey_glass,5,eoc,BEST_EOC_QRC,KERNEL_MEMORY_QRC,0.001761948038000837,0.013247533664192368,-6.518685783278517,-7.614008281700796,-4.673267704503857,1.0
mackey_glass,5,kernel_eoc,KERNEL_EOC_QRC,KERNEL_MEMORY_QRC,0.009111234676677321,0.013247533664192368,-0.4539778783333314,-0.6321163889417353,-0.06892064525574973,0.999
mackey_glass,5,kernel_only,kernel_only_ridge,KERNEL_MEMORY_QRC,0.00766346894675517,0.013247533664192368,-0.7286601872121603,-0.9627128986715578,-0.26409870689340414,1.0
mackey_glass,5,raw_crossover,RAW_MEMORY_QRC,BEST_EOC_QRC,0.01888656508634974,0.001761948038000837,0.9067089208680786,0.8442949295898176,0.9063050579801609,0.0
mackey_glass,5,mc_eoc,MC_BEST_EOC_QRC,MC_KERNEL_MEMORY_QRC,0.003602424258937298,0.01461379978364091,-3.056657054589102,-3.0560055018942465,-2.472592947375732,1.0
mackey_glass,5,unconstrained,UNCONSTRAINED_QRC,KERNEL_MEMORY_QRC,0.0015874188933218821,0.013247533664192368,-7.345329465286991,-8.155429818693177,-5.047617519740822,1.0
mackey_glass,10,eoc,BEST_EOC_QRC,KERNEL_MEMORY_QRC,0.014450768710986314,0.023877379705214433,-0.6523259200087717,-0.6441669482613723,-0.10530039177333309,1.0
mackey_glass,10,kernel_eoc,KERNEL_EOC_QRC,KERNEL_MEMORY_QRC,0.009156752949946344,0.023877379705214433,-1.6076251959330567,-1.7233886874636755,-0.7630472085811917,1.0
mackey_glass,10,kernel_only,kernel_only_ridge,KERNEL_MEMORY_QRC,0.032717147239713064,0.023877379705214433,0.2701876013128875,0.26617779224858334,0.5155995528292767,0.0
mackey_glass,10,raw_crossover,RAW_MEMORY_QRC,BEST_EOC_QRC,0.05004442499824403,0.014450768710986314,0.7112411879746172,0.6537058896984834,0.7198643075453068,0.0
mackey_glass,10,mc_eoc,MC_BEST_EOC_QRC,MC_KERNEL_MEMORY_QRC,0.021786854950050394,0.013474659965642255,0.3815234003928094,0.3158422834017475,0.39865589685708286,0.0
mackey_glass,10,unconstrained,UNCONSTRAINED_QRC,KERNEL_MEMORY_QRC,0.014779128455356083,0.023877379705214433,-0.6156148704804758,-0.6586874480476178,-0.08831952038183054,1.0
lorenz,1,eoc,BEST_EOC_QRC,KERNEL_MEMORY_QRC,0.023039706486034723,0.3833326711671431,-15.637914697372391,-18.81853270699065,-14.377172224232186,1.0
lorenz,1,kernel_eoc,KERNEL_EOC_QRC,KERNEL_MEMORY_QRC,0.22688882146695938,0.3833326711671431,-0.6895176619486554,-0.9966700354043067,-0.3756947636408843,1.0
lorenz,1,kernel_only,kernel_only_ridge,KERNEL_MEMORY_QRC,0.02709200669257111,0.3833326711671431,-13.149290435258035,-16.796095286435666,-11.229807453179642,1.0
lorenz,1,raw_crossover,RAW_MEMORY_QRC,BEST_EOC_QRC,0.21903437341402476,0.023039706486034723,0.8948123706479418,0.8814572893160767,0.91226712435708,0.0
lorenz,1,mc_eoc,MC_BEST_EOC_QRC,MC_KERNEL_MEMORY_QRC,0.026812350254972857,0.17213844907273243,-5.420117872390023,-6.091445431703449,-4.2797806207561955,1.0
lorenz,1,unconstrained,UNCONSTRAINED_QRC,KERNEL_MEMORY_QRC,0.02981700640703111,0.3833326711671431,-11.856175631258203,-14.28345326905695,-10.738087912177654,1.0
lorenz,5,eoc,BEST_EOC_QRC,KERNEL_MEMORY_QRC,0.5864951472936645,0.5351519811664357,0.08754235455169197,-0.0360054205404406,0.11267693496640077,0.0915
lorenz,5,kernel_eoc,KERNEL_EOC_QRC,KERNEL_MEMORY_QRC,0.4300657654919486,0.5351519811664357,-0.24434917658298116,-0.41114308895181473,-0.1496078731188969,1.0
lorenz,5,kernel_only,kernel_only_ridge,KERNEL_MEMORY_QRC,0.5088439116729966,0.5351519811664357,-0.05170164934654014,-0.25922777454354845,-0.005095463447356162,0.9805
lorenz,5,raw_crossover,RAW_MEMORY_QRC,BEST_EOC_QRC,0.7853623763256496,0.5864951472936645,0.25321715812564605,0.20861869169456365,0.32659597221165554,0.0
lorenz,5,mc_eoc,MC_BEST_EOC_QRC,MC_KERNEL_MEMORY_QRC,0.5832433013743785,0.4549992732687419,0.21988084184325327,0.14144437711428678,0.2746637596953188,0.0
lorenz,5,unconstrained,UNCONSTRAINED_QRC,KERNEL_MEMORY_QRC,0.5828969890126438,0.5351519811664357,0.08190985499355943,-0.07366164766534676,0.08482043473868135,0.2265
lorenz,10,eoc,BEST_EOC_QRC,KERNEL_MEMORY_QRC,0.7799314251107401,0.8036225999402936,-0.03037597161338855,-0.0712435810219462,0.039719788133284,0.7565
lorenz,10,kernel_eoc,KERNEL_EOC_QRC,KERNEL_MEMORY_QRC,0.5736570429382176,0.8036225999402936,-0.4008763769799007,-0.4985510380782242,-0.23513128995346827,1.0
lorenz,10,kernel_only,kernel_only_ridge,KERNEL_MEMORY_QRC,0.7464923060022403,0.8036225999402936,-0.07653165810108417,-0.13564541309968528,0.024293545268131454,0.9265
lorenz,10,raw_crossover,RAW_MEMORY_QRC,BEST_EOC_QRC,0.9242356557369286,0.7799314251107401,0.1561335896645636,0.12262182181877199,0.21639347408974746,0.0
lorenz,10,mc_eoc,MC_BEST_EOC_QRC,MC_KERNEL_MEMORY_QRC,0.801039464009395,0.7477853877337212,0.06648121430762519,0.030331288242373997,0.13301528532677678,0.0005
lorenz,10,unconstrained,UNCONSTRAINED_QRC,KERNEL_MEMORY_QRC,0.7886819701064819,0.8036225999402936,-0.01894379534477573,-0.06467505852930609,0.038470871314003674,0.716
mackey_glass,1,ablation_delay_truncated_d=2,,,,,0.9528147694149222,0.9508824563855145,0.9548012857486833,
mackey_glass,1,ablation_history_shuffled,,,,,0.9850760072321397,0.9846379228858952,0.985641565076067,
mackey_glass,1,ablation_hybrid_ABLATION_DELAY_TRUNCATED,,,,,0.6058517766142756,0.5564147000242426,0.6879895433230936,
mackey_glass,1,ablation_hybrid_ABLATION_HISTORY_SHUFFLED,,,,,0.8160824128245303,0.8233845416830192,0.8888550240875722,
mackey_glass,5,ablation_delay_truncated_d=2,,,,,0.9738564677959027,0.9717909219264074,0.9757978562488375,
mackey_glass,5,ablation_history_shuffled,,,,,0.9919461143325187,0.9912095464869927,0.9924567161068065,
mackey_glass,5,ablation_hybrid_ABLATION_DELAY_TRUNCATED,,,,,0.47612473438246017,0.3828135651938548,0.6000376071487238,
mackey_glass,5,ablation_hybrid_ABLATION_HISTORY_SHUFFLED,,,,,0.8003391665153144,0.7699494546896547,0.8556451884442098,
mackey_glass,10,ablation_delay_truncated_d=2,,,,,0.9327348488741783,0.9295986926725855,0.9368327011367732,
mackey_glass,10,ablation_history_shuffled,,,,,0.9584839726435104,0.9566559586212933,0.9610284714153364,
mackey_glass,10,ablation_hybrid_ABLATION_DELAY_TRUNCATED,,,,,0.5930463311499238,0.5547829383893738,0.6829003800967877,
mackey_glass,10,ablation_hybrid_ABLATION_HISTORY_SHUFFLED,,,,,0.7932690691832628,0.7891646770677317,0.8642424678629888,
lorenz,1,ablation_delay_truncated_d=2,,,,,0.7484470801742242,0.6973874948557934,0.7868882707029553,
lorenz,1,ablation_history_shuffled,,,,,0.9414871672259069,0.9289924753673405,0.9548154704084251,
lorenz,1,ablation_hybrid_ABLATION_DELAY_TRUNCATED,,,,,-0.35185261758302044,-0.6048283399752458,-0.17998989137529742,
lorenz,1,ablation_hybrid_ABLATION_HISTORY_SHUFFLED,,,,,0.16577291702469538,0.0313903505155482,0.2736895338367839,
lorenz,5,ablation_delay_truncated_d=2,,,,,0.37503398022382994,0.2976112826501532,0.456684483716363,
lorenz,5,ablation_history_shuffled,,,,,0.449383984601122,0.4016575964501972,0.5349097848932268,
lorenz,5,ablation_hybrid_ABLATION_DELAY_TRUNCATED,,,,,0.28180258970247546,0.20387325339731302,0.3023383915441608,
lorenz,5,ablation_hybrid_ABLATION_HISTORY_SHUFFLED,,,,,0.3732492357662034,0.3049781240140861,0.40142986942208425,
lorenz,10,ablation_delay_truncated_d=2,,,,,0.19534025845410544,0.09374867849968518,0.26581261592235667,
lorenz,10,ablation_history_shuffled,,,,,0.24762566619254603,0.15656176271139027,0.2971566061373969,
lorenz,10,ablation_hybrid_ABLATION_DELAY_TRUNCATED,,,,,0.11216021900240077,0.06696558230244848,0.1655205768230985,
lorenz,10,ablation_hybrid_ABLATION_HISTORY_SHUFFLED,,,,,0.15610559899587306,0.118595051395438,0.2084701255428348,
