J,M_legacy,M_null,M_raw,M_signed,NL0_legacy,NL0_null,NL0_raw,NL0_signed,accepted,bootstrap,ceiling_fraction,disorder,effective_rank,fraction_of_ceiling,g,hamiltonian,input_idx,input_sequence,m,module,null_surrogate,projection,regression_split,rejection_reasons,reservoir_idx,seed_stage,shot_noise,variant
,1.0,0.5259584878453664,1.125055851771399,0.5990973639260327,,,,,True,3375236000,0.16666666666666666,41479596,5.1749185729254545,,,2913790110,0,2288817296,0.1,memory,3049996061,664559169,3853699635,,-101,discovery,1990586241,M0
,0.0,0.7604609344260189,1.3127031539587626,0.5522422195327434,,,,,True,2560895203,0.0,3215593833,5.463213056692763,,,1963272254,0,3405742342,0.1,memory,3426055694,1323441486,3078426741,,-102,discovery,1304833345,M0
,3.5956480476451813,0.5703962253717606,3.5956480476451813,3.025251822273421,,,,,True,3375236000,0.5992746746075303,41479596,6.142859287290746,,,2913790110,0,2288817296,0.3125,memory,3049996061,664559169,3853699635,,-101,discovery,1990586241,M0
,1.9334133586517137,0.67637692416697,2.3074595296953397,1.6310826055283696,,,,,True,2560895203,0.3222355597752856,3215593833,6.776005593618823,,,1963272254,0,3405742342,0.3125,memory,3426055694,1323441486,3078426741,,-102,discovery,1304833345,M0
,3.8805541891041213,0.6956412075344128,4.110451811592181,3.414810604057768,,,,,True,3375236000,0.6467590315173536,41479596,6.646922680256575,,,2913790110,0,2288817296,0.525,memory,3049996061,664559169,3853699635,,-101,discovery,1990586241,M0
,3.568598358647143,0.8622608075020386,3.5733567731403117,2.7110959656382736,,,,,True,2560895203,0.5947663931078572,3215593833,6.718712333494039,,,1963272254,0,3405742342,0.525,memory,3426055694,1323441486,3078426741,,-102,discovery,1304833345,M0
,4.1786074278898795,0.7889634181342206,4.3890892136915935,3.600125795557373,,,,,True,3375236000,0.6964345713149799,41479596,6.3282659631772065,,,2913790110,0,2288817296,0.7374999999999999,memory,3049996061,664559169,3853699635,,-101,discovery,1990586241,M0
,3.4448342299024857,0.8724689629494841,3.5859432121982553,2.713474249248771,,,,,True,2560895203,0.5741390383170809,3215593833,7.035008977757785,,,1963272254,0,3405742342,0.7374999999999999,memory,3426055694,1323441486,3078426741,,-102,discovery,1304833345,M0
,4.632561039404873,0.6890329931004225,4.645922369012921,3.9568893759124983,,,,,True,3375236000,0.7720935065674789,41479596,5.677868578715206,,,2913790110,0,2288817296,0.95,memory,3049996061,664559169,3853699635,,-101,discovery,1990586241,M0
,4.238277178217011,0.9212926024884315,4.337702476504169,3.4164098740157374,,,,,True,2560895203,0.7063795297028351,3215593833,6.378922725160624,,,1963272254,0,3405742342,0.95,memory,3426055694,1323441486,3078426741,,-102,discovery,1304833345,M0
,3.0,0.5867239876891611,3.0682974756989188,2.481573488009758,,,,,True,3375236000,0.5,41479596,1.5246325360499964,,,2913790110,0,2288817296,0.1,memory,3049996061,664559169,3853699635,,-101,discovery,1990586241,M1
,3.0,0.8156371724121517,3.0660488073048953,2.250411634892744,,,,,True,2560895203,0.5,3215593833,1.6273843469464762,,,1963272254,0,3405742342,0.1,memory,3426055694,1323441486,3078426741,,-102,discovery,1304833345,M1
,3.0,0.5581401269681966,3.0690696837871263,2.5109295568189296,,,,,True,3375236000,0.5,41479596,2.3354201394094036,,,2913790110,0,2288817296,0.3125,memory,3049996061,664559169,3853699635,,-101,discovery,1990586241,M1
,3.2257387085252365,0.8806791115096324,3.2532883565696644,2.372609245060032,,,,,True,2560895203,0.5376231180875394,3215593833,2.3823153525893686,,,1963272254,0,3405742342,0.3125,memory,3426055694,1323441486,3078426741,,-102,discovery,1304833345,M1
,3.0,0.6435400320350231,3.053390460191538,2.409850428156515,,,,,True,3375236000,0.5,41479596,3.451375051389372,,,2913790110,0,2288817296,0.525,memory,3049996061,664559169,3853699635,,-101,discovery,1990586241,M1
,3.0,1.006035508941286,3.3368111803985223,2.330775671457236,,,,,True,2560895203,0.5,3215593833,3.494624720132732,,,1963272254,0,3405742342,0.525,memory,3426055694,1323441486,3078426741,,-102,discovery,1304833345,M1
,3.0,0.6654328254769948,3.085118405691766,2.419685580214771,,,,,True,3375236000,0.5,41479596,4.611430876564302,,,2913790110,0,2288817296,0.7374999999999999,memory,3049996061,664559169,3853699635,,-101,discovery,1990586241,M1
,3.0,1.0608360243878083,3.2183352631715665,2.157499238783758,,,,,True,2560895203,0.5,3215593833,4.880583718168608,,,1963272254,0,3405742342,0.7374999999999999,memory,3426055694,1323441486,3078426741,,-102,discovery,1304833345,M1
,3.0,0.6518024874672834,3.0658835789898027,2.4140810915225193,,,,,True,3375236000,0.5,41479596,5.464410378429654,,,2913790110,0,2288817296,0.95,memory,3049996061,664559169,3853699635,,-101,discovery,1990586241,M1
,3.0,1.0086471018430223,3.260351952212757,2.251704850369735,,,,,True,2560895203,0.5,3215593833,6.10078503002811,,,1963272254,0,3405742342,0.95,memory,3426055694,1323441486,3078426741,,-102,discovery,1304833345,M1
0.901327382447198,,,,,1.0,0.6272625502806786,2.0,1.3727374497193212,False,1609948964,,3132541614,1.6939632025434486,1.0,0.9109639870002865,3925936706,0,2259213028,,processor,210701233,2043167552,620577160,ceiling_contaminated,-201,discovery,3451604904,P0
0.901327382447198,,,,,1.0,0.6453266878680632,2.0,1.3546733121319368,False,1082049715,,882528859,1.620109046977839,1.0,0.9109639870002865,1924357750,0,1112060594,,processor,1754618607,3303685041,1173207428,ceiling_contaminated,-202,discovery,1386944006,P0
0.050795879960060124,,,,,1.0,0.5792956064091118,2.0,1.420704393590888,False,1609948964,,3132541614,1.5600236280501387,1.0,0.15821615271270276,3925936706,0,2259213028,,processor,210701233,2043167552,620577160,ceiling_contaminated;outside_interior_margin,-201,discovery,3451604904,P0
0.050795879960060124,,,,,1.0,0.6488408997233752,2.0,1.3511591002766248,False,1082049715,,882528859,1.4943120898981912,1.0,0.15821615271270276,1924357750,0,1112060594,,processor,1754618607,3303685041,1173207428,ceiling_contaminated;outside_interior_margin,-202,discovery,1386944006,P0
0.941547115566209,,,,,1.0,0.622526572692045,2.0,1.377473427307955,False,1609948964,,3132541614,1.6404084861012502,1.0,0.7703827943652868,3925936706,0,2259213028,,processor,210701233,2043167552,620577160,ceiling_contaminated,-201,discovery,3451604904,P0
0.941547115566209,,,,,1.0,0.6466324725866534,2.0,1.3533675274133468,False,1082049715,,882528859,1.5741313214049377,1.0,0.7703827943652868,1924357750,0,1112060594,,processor,1754618607,3303685041,1173207428,ceiling_contaminated,-202,discovery,1386944006,P0
0.6063515543937683,,,,,1.0,0.5754158394329554,2.0,1.4245841605670446,False,1609948964,,3132541614,1.918942950366159,1.0,1.349499568529427,3925936706,0,2259213028,,processor,210701233,2043167552,620577160,ceiling_contaminated;outside_interior_margin,-201,discovery,3451604904,P0
0.6063515543937683,,,,,1.0,0.6535254309271732,2.0,1.3464745690728268,False,1082049715,,882528859,1.8036894544183675,1.0,1.349499568529427,1924357750,0,1112060594,,processor,1754618607,3303685041,1173207428,ceiling_contaminated;outside_interior_margin,-202,discovery,1386944006,P0
1.0641055221203715,,,,,1.0,0.5498212321530423,2.0,1.4501787678469578,False,1609948964,,3132541614,1.864461484206849,1.0,1.2310770509764553,3925936706,0,2259213028,,processor,210701233,2043167552,620577160,ceiling_contaminated;outside_interior_margin,-201,discovery,3451604904,P0
1.0641055221203715,,,,,1.0,0.6396585141981296,2.0,1.3603414858018705,False,1082049715,,882528859,1.76062219806707,1.0,1.2310770509764553,1924357750,0,1112060594,,processor,1754618607,3303685041,1173207428,ceiling_contaminated;outside_interior_margin,-202,discovery,1386944006,P0
0.4635924244299531,,,,,1.0,0.5828869163008099,2.0,1.41711308369919,False,1609948964,,3132541614,1.5937109989613552,1.0,0.5387839652597904,3925936706,0,2259213028,,processor,210701233,2043167552,620577160,ceiling_contaminated,-201,discovery,3451604904,P0
0.4635924244299531,,,,,1.0,0.6441786374902015,2.0,1.3558213625097983,False,1082049715,,882528859,1.5308080108980053,1.0,0.5387839652597904,1924357750,0,1112060594,,processor,1754618607,3303685041,1173207428,ceiling_contaminated,-202,discovery,1386944006,P0
0.901327382447198,,,,,0.0,0.6005573949781526,1.0838255380862016,0.483268143108049,True,1609948964,,3132541614,1.489125427703179,0.5419127690431008,0.9109639870002865,3925936706,0,2259213028,,processor,210701233,2043167552,620577160,,-201,discovery,3451604904,P1
0.901327382447198,,,,,0.0,0.5975635065750734,1.046381456026137,0.4488179494510638,True,1082049715,,882528859,1.4223773392480732,0.5231907280130685,0.9109639870002865,1924357750,0,1112060594,,processor,1754618607,3303685041,1173207428,,-202,discovery,1386944006,P1
0.050795879960060124,,,,,0.0,0.6005573954362515,1.083825538309203,0.48326814287295156,False,1609948964,,3132541614,1.4892873648128915,0.5419127691546015,0.15821615271270276,3925936706,0,2259213028,,processor,210701233,2043167552,620577160,outside_interior_margin,-201,discovery,3451604904,P1
0.050795879960060124,,,,,0.0,0.5976359458984383,1.0463813219982832,0.44874537609984483,False,1082049715,,882528859,1.4235990474577713,0.5231906609991416,0.15821615271270276,1924357750,0,1112060594,,processor,1754618607,3303685041,1173207428,outside_interior_margin,-202,discovery,1386944006,P1
0.941547115566209,,,,,0.0,0.6005573949807297,1.0838255380865245,0.48326814310579486,True,1609948964,,3132541614,1.489195533298105,0.5419127690432622,0.7703827943652868,3925936706,0,2259213028,,processor,210701233,2043167552,620577160,,-201,discovery,3451604904,P1
0.941547115566209,,,,,0.0,0.5975635111496299,1.0463814560106686,0.4488179448610386,True,1082049715,,882528859,1.4228855770462696,0.5231907280053343,0.7703827943652868,1924357750,0,1112060594,,processor,1754618607,3303685041,1173207428,,-202,discovery,1386944006,P1
0.6063515543937683,,,,,0.0,0.6005573949800972,1.0838255380863455,0.4832681431062482,False,1609948964,,3132541614,1.4890178064657518,0.5419127690431728,1.349499568529427,3925936706,0,2259213028,,processor,210701233,2043167552,620577160,outside_interior_margin,-201,discovery,3451604904,P1
0.6063515543937683,,,,,0.0,0.5975635083104943,1.0463814560227336,0.4488179477122392,False,1082049715,,882528859,1.4215635642239497,0.5231907280113668,1.349499568529427,1924357750,0,1112060594,,processor,1754618607,3303685041,1173207428,outside_interior_margin,-202,discovery,1386944006,P1
1.0641055221203715,,,,,0.0,0.6005573949788181,1.0838255380862025,0.48326814310738425,False,1609948964,,3132541614,1.489040662842615,0.5419127690431013,1.2310770509764553,3925936706,0,2259213028,,processor,210701233,2043167552,620577160,outside_interior_margin,-201,discovery,3451604904,P1
1.0641055221203715,,,,,0.0,0.5975635038864472,1.0463814560274203,0.4488179521409731,False,1082049715,,882528859,1.4217554436442021,0.5231907280137101,1.2310770509764553,1924357750,0,1112060594,,processor,1754618607,3303685041,1173207428,outside_interior_margin,-202,discovery,1386944006,P1
0.4635924244299531,,,,,0.0,0.6005573949786966,1.083825538087483,0.48326814310878635,True,1609948964,,3132541614,1.4892409482448437,0.5419127690437415,0.5387839652597904,3925936706,0,2259213028,,processor,210701233,2043167552,620577160,,-201,discovery,3451604904,P1
0.4635924244299531,,,,,0.0,0.5975635137895795,1.0463814559814286,0.44881794219184923,True,1082049715,,882528859,1.4232410724651168,0.5231907279907143,0.5387839652597904,1924357750,0,1112060594,,processor,1754618607,3303685041,1173207428,,-202,discovery,1386944006,P1
